Timestamp,Pregnancies,Glucose,BloodPressure,SkinThickness,Insulin,BMI,DiabetesPedigreeFunction,Age,Prediction,Probability,RiskLevel
2026-08-31 22:26:21,2,100,65,22,30,31.2,0.375,35,1,70.0,High Risk
2026-08-31 22:27:01,1,100,72,20,25,31.2,0.375,40,1,70.0,High Risk
2026-08-31 22:27:05,1,100,72,20,25,31.2,0.375,40,1,70.0,High Risk
2026-08-31 22:27:11,1,100,72,20,25,31.2,0.375,40,1,70.0,High Risk
2026-08-31 22:27:12,1,100,72,20,25,31.2,0.375,40,1,70.0,High Risk
2026-08-31 22:28:33,1,100,72,20,25,31.2,0.375,40,1,70.0,High Risk
2026-08-31 22:29:33,3,95,70,20,30,31.2,0.375,35,1,70.0,High Risk
2026-08-31 22:29:37,3,95,70,20,30,31.2,0.375,35,1,70.0,High Risk
2026-09-01 20:53:21,0,110,70,31,30,30.999999999999996,0.375,30,0,21.43,Low Risk
2026-09-07 12:31:31,3,117,70,23,30,31.2,0.375,30,1,70.0,High Risk
2026-09-07 12:33:29,3,120,70,23,30,30.899999999999995,0.375,32,1,70.0,High Risk
